タイトル,評価
片思い世界,評価なし
リロ＆スティッチ,評価なし
アマチュア,評価なし
ルックバック,評価なし
正体,評価なし
インサイド・ヘッド２,評価なし
ウィキッド ふたりの魔女,評価なし
アングリースクワッド 公務員と7人の詐欺師,評価なし
ロボット・ドリームズ,評価なし
ドリーム・シナリオ,評価なし
ANORA アノーラ,評価なし
インターステラー,評価なし
シンパシー・フォー・ザ・デビル,評価なし
アット・ザ・ベンチ,評価なし
ファーストキス 1ST KISS,評価なし
グラディエーターII 英雄を呼ぶ声,評価なし
六人の嘘つきな大学生,評価なし
ライオン・キング：ムファサ,評価なし
映画を愛する君へ,評価なし
I Like Movies アイ・ライク・ムービーズ,評価なし
動物界,評価なし
ホールドオーバーズ 置いてけぼりのホリディ,評価なし
ヴェノム：ザ・ラストダンス,評価なし
モアナと伝説の海2,評価なし
メタモルフォーゼの縁側,評価なし
ONE PIECE FAN LETTER,評価なし
今すぐ購入: 購買意欲はこうして操られる,評価なし
ふたりで終わらせる／IT ENDS WITH US,評価なし
PERFECT DAYS,評価なし
劇場版「進撃の巨人」完結編THE LAST ATTACK,評価なし
アナログ,評価なし
雨の中の慾情,評価なし
レッド・ワン,評価なし
ラストマイル,評価なし
ジョーカー：フォリ・ア・ドゥ,評価なし
グラディエーター,評価なし
